[
    {
        "_id": "6214a6c4d0977c4a3036f47b",
        "bike_name": "Royal Enfield Himalayan",
        "bike_image": "https://d3vp2rl7047vsp.cloudfront.net/bike_models/images/000/000/273/medium/Himalayan_BS6.png?1581610903",
        "hourly_rate": 67,
        "kilometer_limit": 10,
        "locationId": "Vizag",
        "__v": 0
    },
    {
        "_id": "6214a774d0977c4a3036f47e",
        "bike_name": "BMW G310 GS",
        "bike_image": "https://d3vp2rl7047vsp.cloudfront.net/bike_models/images/000/000/266/medium/bmw_gs_310.png?1571747527",
        "hourly_rate": 110,
        "kilometer_limit": 10,
        "locationId": "Vizag",
        "__v": 0
    },
    {
        "_id": "6214a7ded0977c4a3036f481",
        "bike_name": "KTM DUKE 200",
        "bike_image": "https://d3vp2rl7047vsp.cloudfront.net/bike_models/images/000/000/246/medium/Duke_200_ABS.png?1559098797",
        "hourly_rate": 53,
        "kilometer_limit": 10,
        "locationId": "Vizag",
        "__v": 0
    },
    {
        "_id": "6214a865d0977c4a3036f484",
        "bike_name": "Royal Enfield Meteor 350",
        "bike_image": "https://d3vp2rl7047vsp.cloudfront.net/bike_models/images/000/000/281/medium/WhatsApp_Image_2021-01-28_at_4.29.52_PM.jpeg?1611833012",
        "hourly_rate": 87,
        "kilometer_limit": 10,
        "locationId": "Vizag",
        "__v": 0
    },
    {
        "_id": "6214a982d0977c4a3036f486",
        "bike_name": "Activa 3G",
        "bike_image": "https://d3vp2rl7047vsp.cloudfront.net/bike_models/images/000/000/002/medium/Activa_3G-min_2.png?1519738389",
        "hourly_rate": 12,
        "kilometer_limit": 5,
        "locationId": "Vizag",
        "__v": 0
    },
    {
        "_id": "6214a9d8d0977c4a3036f489",
        "bike_name": "Yamaha Fascino",
        "bike_image": "https://d3vp2rl7047vsp.cloudfront.net/bike_models/images/000/000/026/medium/Fascino-min_2.png?1519738927",
        "hourly_rate": 22,
        "kilometer_limit": 5,
        "locationId": "Vizag",
        "__v": 0
    },
    {
        "_id": "6214aa1cd0977c4a3036f48c",
        "bike_name": "Royal Enfield Classic 350",
        "bike_image": "https://d3vp2rl7047vsp.cloudfront.net/bike_models/images/000/000/253/medium/Classic-350-redditch.png?1562858589",
        "hourly_rate": 48,
        "kilometer_limit": 10,
        "locationId": "Vizag",
        "__v": 0
    },
    {
        "_id": "6214aa5cd0977c4a3036f48e",
        "bike_name": "Activa 5g",
        "bike_image": "https://d3vp2rl7047vsp.cloudfront.net/bike_models/images/000/000/268/medium/Honda_activa_5G_%281%29.png?1574521266",
        "hourly_rate": 21,
        "kilometer_limit": 5,
        "locationId": "Vizag",
        "__v": 0
    },
    {
        "_id": "6214b254d0977c4a3036f491",
        "bike_name": "Honda CB 350",
        "bike_image": "https://d3vp2rl7047vsp.cloudfront.net/bike_models/images/000/000/279/medium/WhatsApp_Image_2021-01-28_at_4.08.18_PM.jpeg?1611830315",
        "hourly_rate": 75,
        "kilometer_limit": 10,
        "locationId": "Vizag",
        "__v": 0
    },
    {
        "_id": "6214b282d0977c4a3036f493",
        "bike_name": "Pure EV Epluto (electric)",
        "bike_image": "https://d3vp2rl7047vsp.cloudfront.net/bike_models/images/000/000/262/medium/Epluto-image.png?1570980637",
        "hourly_rate": 10,
        "kilometer_limit": 5,
        "locationId": "Vizag",
        "__v": 0
    },
    {
        "_id": "6214b2bfd0977c4a3036f495",
        "bike_name": "Royal Enfield Meteor Fireball 350",
        "bike_image": "https://d3vp2rl7047vsp.cloudfront.net/bike_models/images/000/000/280/medium/WhatsApp_Image_2021-01-28_at_4.31.04_PM.jpeg?1611833053",
        "hourly_rate": 75,
        "kilometer_limit": 10,
        "locationId": "Vizag",
        "__v": 0
    },
    {
        "_id": "6214b2e5d0977c4a3036f497",
        "bike_name": "Jawa Standard",
        "bike_image": "https://d3vp2rl7047vsp.cloudfront.net/bike_models/images/000/000/264/medium/jawa_maroon.png?1571325878",
        "hourly_rate": 57,
        "kilometer_limit": 10,
        "locationId": "Vizag",
        "__v": 0
    },
    {
        "_id": "6214b328d0977c4a3036f499",
        "bike_name": "Hero X-Pulse",
        "bike_image": "https://d3vp2rl7047vsp.cloudfront.net/bike_models/images/000/000/263/medium/xpulseop.png?1567778315",
        "hourly_rate": 40,
        "kilometer_limit": 12,
        "locationId": "Vizag",
        "__v": 0
    },
    {
        "_id": "6219b51a078f1724e48d2173",
        "bike_name": "Hero X-Pulse",
        "bike_image": "https://d3vp2rl7047vsp.cloudfront.net/bike_models/images/000/000/263/medium/xpulseop.png?1567778315",
        "hourly_rate": 40,
        "kilometer_limit": 12,
        "locationId": "Vizag",
        "__v": 0
    },
    {
        "_id": "6225a9e80c350a5a50da2ca5",
        "bike_name": "Hero X-Pulse",
        "bike_image": "https://d3vp2rl7047vsp.cloudfront.net/bike_models/images/000/000/263/medium/xpulseop.png?1567778315",
        "hourly_rate": 40,
        "kilometer_limit": 12,
        "locationId": "Vizag",
        "__v": 0
    }
]