[
    {
        "_id": "6214b6c41ccb9832d0710e48",
        "location_name": "Bangalore",
        "location_image": "https://d3vp2rl7047vsp.cloudfront.net/cities/round_images/000/000/001/original/Bangalore_1cf1aa53741a94edc3532f7b2b583c52.jpg?1558599565"
    },
    {
        "_id": "6214b6fa1ccb9832d0710e4b",
        "location_name": "Ahmedabad",
        "location_image": "https://d3vp2rl7047vsp.cloudfront.net/cities/round_images/000/000/023/original/Ahmedabad_b8d1eb5783c996a077aff887d35e4168.jpg?1558599488"
    },
    {
        "_id": "6214b7d91ccb9832d0710e4e",
        "location_name": "Vizag",
        "location_image": "https://d3vp2rl7047vsp.cloudfront.net/cities/round_images/000/000/011/original/Vizag_b8d34a7c3694ce45f4e36b0fea4bc28d.jpg?1558600686"
    },
    {
        "_id": "621cc373f23d3b1de4577173",
        "location_name": "Alleppy",
        "location_image": "https://d3vp2rl7047vsp.cloudfront.net/cities/round_images/000/000/022/original/Alleppy_817ae817e23cf6708ce38c850cc42e6d.jpg?1558599504"
    },
    {
        "_id": "621cc39df23d3b1de4577175",
        "location_name": "Chennai",
        "location_image": "https://d3vp2rl7047vsp.cloudfront.net/cities/round_images/000/000/018/original/Chennai_e20539d5200238901011bdc1bb2e5a7f.jpg?1558599681"
    },
    {
        "_id": "621cc41df23d3b1de4577177",
        "location_name": "Chikmagalur",
        "location_image": "https://d3vp2rl7047vsp.cloudfront.net/cities/round_images/000/000/007/original/Chikmagalur_2651596b6f7e5cbf2d2399fe6ca9c7ad.jpg?1558599756"
    }
]